name,URL
Pürblack,https://purblack.com/
Pure Himalayan Shilajit,https://www.purehimalayanshilajit.com/buy-shilajit/
Lotus Blooming Herbs,https://lotusbloomingherbs.com/products/authentic-shilajit
Cymbiotika,https://cymbiotika.com/products/shilajit-normal-jar
Pür Shilajit,https://pur-shilajit.com/
Black Lotus Shilajit,https://blacklotusshilajit.com/pages/shop
Natural Shilajit,https://naturalshilajit.com/
Omica Organics,https://omicaorganics.com/collections/shilajit
Omica Shilajit (Microsite),https://omicashilajit.com/
Sunfood,https://www.sunfood.com/personal-care-supplements/shilajit.html
Double Wood Supplements,https://doublewoodsupplements.com/products/shilajit-resin
Nootropics Depot (Capsules),https://nootropicsdepot.com/primavie-purified-shilajit-capsules/
Nootropics Depot (Powder),https://nootropicsdepot.com/primavie-purified-shilajit-powder/
Jarrow Formulas,https://jarrow.com/products/shilajit-fulvic-acid-complex-250-mg-60-veggie-caps
Himalaya USA,https://himalayausa.com/products/shilajit
Sayan,https://sayanchaga.com/shilajit/
RAW Forest Foods,https://www.rawforestfoods.com/mountain-manna-himalayan-shilajit/
Banyan Botanicals,https://www.banyanbotanicals.com/products/shilajit-tablets-10
Pure Indian Foods,https://www.pureindianfoods.com/products/authentic-pure-himalayan-shilajit-resin-paste
Trace Minerals (Resin),https://www.traceminerals.com/products/shilajit-resin
Trace Minerals (Capsules),https://www.traceminerals.com/products/shilajit-capsules
BulkSupplements,https://www.bulksupplements.com/products/shilajit-capsule
Jiva Botanicals,https://jivabotanicals.com/products/shilajit-capsules
CHOQ,https://choq.com/product/shilajit/
Peak Performance,https://buypeakperformance.com/products/primavie-purified-shilajit-capsules
Amazon,https://www.amazon.com/s?k=shilajit
Walmart,https://www.walmart.com/search?q=shilajit
iHerb,https://www.iherb.com/search?kw=shilajit
Vitacost,https://www.vitacost.com/productResults.aspx?Ntt=shilajit
The Vitamin Shoppe,https://www.vitaminshoppe.com/search?query=shilajit
GNC,https://www.gnc.com/search?q=shilajit
Swanson Vitamins,https://www.swansonvitamins.com/q?kw=shilajit
CVS,https://www.cvs.com/search?searchTerm=shilajit
Thrive Market,https://thrivemarket.com/search?q=shilajit
Walgreens,https://www.walgreens.com/search/results.jsp?Ntt=shilajit
Puritan's Pride,https://www.puritan.com/search?searchterm=shilajit
Piping Rock,https://www.pipingrock.com/products?kw=shilajit
LuckyVitamin,https://www.luckyvitamin.com/search?kw=shilajit
Vitamin World,https://www.vitaminworld.com/search?q=shilajit
PureFormulas,https://www.pureformulas.com/search?search_term=shilajit
eVitamins,https://www.evitamins.com/search?kw=shilajit
eBay,https://www.ebay.com/sch/i.html?_nkw=shilajit
Etsy,https://www.etsy.com/search?q=shilajit
